{"cameraMode":{"drawMode":0,"name":"Shaded","section":"Shading Mode"},"sceneLighting":true,"audioPlay":false,"sceneViewState":{"showFog":true,"showMaterialUpdate":false,"showSkybox":true,"showFlares":true,"showImageEffects":true,"showParticleSystems":true,"showVisualEffectGraphs":true,"m_FxEnabled":true},"in2DMode":false,"pivot":{"x":-1.0934312343597413,"y":21.267454147338868,"z":-4.737483978271484},"rotation":{"x":-0.6140842437744141,"y":0.031230518594384195,"z":-0.024327848106622697,"w":-0.7882890105247498},"size":0.8660253882408142,"orthographic":false}